Uuid,Void/Retire,Privilege name,Description
19b6189d-4e11-51b7-95db-298c4d5bc556,,View Patient Flags,"Able to see patient flags on the chart and the data missing behind them. patientflags checks it but does not create it."
11efe676-67f0-4e24-9b4d-3d606b47f42d,,App: act.home,"Open ACT home: quick actions, and the widgets each of the other ACT privileges allows"
27d13dd6-079c-47a7-89ad-1a1367392446,,App: act.registry,"Open the ACT registry and its programme numbers, the care cascade"
da416f05-dee6-4acd-ac4a-298deaf96198,,App: act.worklists,"Open the worklists and their tiles on ACT home"
4f8de91a-7c36-4c81-865f-a9abf86131f8,,App: act.waitingList,"Open the procedural waiting list and its summary on ACT home"
f21b98fa-970e-489c-b9d0-eecd0a120b9d,,App: act.screenPositive,"Open Screen positive, pending confirmation, and its count on ACT home"
3e7f8500-38e9-4d83-96fd-b77a663a0891,,Task: act.exportData,"Download an ACT list as CSV"
6895c219-f0bb-4748-85a1-8f0d70590567,,Task: act.recordProphylaxis,"Record BPG injections and oral prophylaxis, and use Enter prophylaxis"
4965467a-2448-4916-8348-62d695cbe5b3,,Task: act.enterClinicalForms,"Open clinical forms from ACT: Enter echo result, Open form, Add on Cardiac tests"
3d951d0d-3c7e-45c9-b938-886951524972,,Task: act.editPatientInformation,"Record a patient's information form"
