Uuid,Void/Retire,Role name,Description,Inherited roles,Privileges
fe62b92b-0a76-4f00-9ea2-b18a1a773440,,Application: ACT Base,Sign in and open ACT home,,Get People;Get Concepts;Get Forms;Get Visit Types;Get Providers;Get Programs;App: act.home
e91c90f0-8ad3-4056-8177-99f65f21f110,,Application: ACT Reads Patients,Find patients and read their records and flags,,Get Patients;Get Patient Identifiers;Get Encounters;Get Observations;Get Visits;Get Patient Programs;Get Patient Cohorts;View Cohorts In Cohort Module;Get Allergies;Get Care Settings;Get Orders;View Patient Flags;Test Flags
ec724134-1898-4237-9516-c53d6ce875d0,,Application: ACT Records Prophylaxis,Record prophylaxis visits,,Add Visits;Edit Visits;Add Encounters;Edit Encounters;Add Observations;Edit Observations;Task: act.recordProphylaxis
b28338f1-3c70-4e68-8ac9-d9d4a35a66c0,,Application: ACT Registers Patients,Register patients and enrol them in programmes,,Add Patients;Edit Patients;Add Patient Identifiers;Edit Patient Identifiers;Add Patient Programs;Edit Patient Programs
29c10350-3a9b-4e3d-9608-b367d4abc96c,,Application: ACT Patient Information,Record a patient's information form,,Task: act.editPatientInformation
48449e28-82f8-4568-984f-529d1f953874,,Application: ACT Registry,"The registry, worklists, procedural waiting list and screen positive lists",,App: act.registry;App: act.worklists;App: act.waitingList;App: act.screenPositive
e7025a1c-a885-47fa-87a4-07fcefd7ea20,,Application: ACT Exports,Download ACT lists as CSV,,Task: act.exportData
303e8a64-e649-40e8-9f94-0ed1be5f8e68,,Application: ACT Clinical Forms,Open and record clinical forms,,Task: act.enterClinicalForms;Task: act.editPatientInformation
54f1ccd8-d374-447c-b474-68283af437b6,,Application: ACT Site Administration,Manage the users at the site,,Get Users;Add Users;Edit Users;Get Roles;Task: act.editPatientInformation
b9ab4b76-e7b9-46a7-b4ec-5b7fdd8fa540,,Organizational: ACT Community Clinician,Primary care clinician who registers patients and gives prophylaxis,Application: ACT Base;Application: ACT Reads Patients;Application: ACT Records Prophylaxis;Application: ACT Registers Patients,
61e9bb28-11df-4df1-965d-11ef928d5239,,Organizational: ACT Data Clerk,Health information assistant who records prophylaxis and patient information,Organizational: ACT Community Clinician;Application: ACT Patient Information,
60625a0c-3cea-4fe5-b6ca-615c743ad9d4,,Organizational: ACT Clinician,Cardiology clinician who runs the registry,Organizational: ACT Community Clinician;Application: ACT Registry;Application: ACT Exports;Application: ACT Clinical Forms,
a1295a20-7273-4339-b5df-2f8a3a841c77,,Organizational: ACT Site Administrator,Administers a site's users; reads the registry,Application: ACT Base;Application: ACT Reads Patients;Application: ACT Registers Patients;Application: ACT Registry;Application: ACT Site Administration,
