Uuid,Void/Retire,Same as mappings,Fully specified name:en,Short name:en,Description:en,Data class,Data type,Answers,_version:1,_order:2003
e2dff4f5-da9e-5847-a8a3-e862d2988f64,true,ACT-RHD:q_abdominal_pelvic_signs_or_symptoms,Abdominal/Pelvic Signs or Symptoms,,"replaced by Severe GI Symptoms (090e096b reused) matching live ACT registry checklist; fixed 2026-09-16",Question,Coded,163747AAAAAAAAAAAAAAAAAAAAAAAAAAAAAA; 1498AAAAAAAAAAAAAAAAAAAAAAAAAAAAAAAA; 1499AAAAAAAAAAAAAAAAAAAAAAAAAAAAAAAA; 1500AAAAAAAAAAAAAAAAAAAAAAAAAAAAAAAA,,
b77cd4f2-85a0-520d-9cc4-c2a667fc6c3f,,ACT-RHD:q_adverse_reaction,Any adverse reactions to last injection?,,"renamed to match live ACT registry label exactly; Anaphylaxis removed from answers 2026-09-16 to match live -- live's equivalent field has no Anaphylaxis option, only Injection Tolerance triggers the surveillance block; fixed 2026-09-16",Question,Coded,"1107AAAAAAAAAAAAAAAAAAAAAAAAAAAAAAAA; 6b7af79b-ac82-5e31-92c6-28c98f25f349; ef11f3e5-dbc2-5e21-85dc-12d984f238c3; f96ecc22-a114-5b7a-a334-2bdc2d4b62f4; 4d6c8b64-ae48-5307-a0e3-00cec3eeaea3; e6bde973-9fe5-5a6e-accf-d1ab16dd7ddc; e0f8f506-2ff9-5442-b46d-b5c472351326; 5622AAAAAAAAAAAAAAAAAAAAAAAAAAAAAAAA",,
fda86f45-c4bf-5eb0-96fd-c0e161de60e2,true,ACT-RHD:q_cardiovascular_signs_or_symptoms,Cardiovascular Signs or Symptoms,,"replaced by Cardiovascular Compromise matching live ACT registry checklist; fixed 2026-09-16",Question,Coded,163747AAAAAAAAAAAAAAAAAAAAAAAAAAAAAA; 1498AAAAAAAAAAAAAAAAAAAAAAAAAAAAAAAA; 1499AAAAAAAAAAAAAAAAAAAAAAAAAAAAAAAA; 1500AAAAAAAAAAAAAAAAAAAAAAAAAAAAAAAA,,
183fb30e-b861-5b7c-806f-7118a40f2b51,,ACT-RHD:q_date_of_service,Date of Injection,,"renamed to match live ACT registry label exactly (was Date of Service); fixed 2026-09-16",Question,Date,,,
f7cbfcdc-58bb-5e85-86ab-ffce26a08615,,ACT-RHD:q_if_injection_is_late_why,"If injection(s) late, why?",,"renamed to match live ACT registry label exactly; fixed 2026-09-16",Question,Coded,Could not arrange transportation; Could not afford injection supplies; Forgot to come; Was not available to come; BPG supply stockout; Other (free text),,
a67e51cf-b30b-5e85-a99a-fa700cbc838e,true,ACT-RHD:q_neurological_signs_or_symptoms,Neurological Signs or Symptoms,,"fabricated -- no equivalent field found anywhere on the live ACT registry BPG Delivery form; voided 2026-09-16",Question,Coded,163747AAAAAAAAAAAAAAAAAAAAAAAAAAAAAA; 1498AAAAAAAAAAAAAAAAAAAAAAAAAAAAAAAA; 1499AAAAAAAAAAAAAAAAAAAAAAAAAAAAAAAA; 1500AAAAAAAAAAAAAAAAAAAAAAAAAAAAAAAA,,
dd715f25-a92a-594b-8d65-74e2fcbf4cc2,true,ACT-RHD:q_respiratory_signs_or_symptoms,Respiratory Signs or Symptoms,,"replaced by Respiratory Compromise matching live ACT registry checklist; fixed 2026-09-16",Question,Coded,163747AAAAAAAAAAAAAAAAAAAAAAAAAAAAAA; 1498AAAAAAAAAAAAAAAAAAAAAAAAAAAAAAAA; 1499AAAAAAAAAAAAAAAAAAAAAAAAAAAAAAAA; 1500AAAAAAAAAAAAAAAAAAAAAAAAAAAAAAAA,,
1527c78f-c908-5c77-bc9e-a7f963093174,true,ACT-RHD:q_signs_or_symptoms_risk_factors,Signs or Symptoms Risk Factors,,"fabricated -- no equivalent field found anywhere on the live ACT registry BPG Delivery form; voided 2026-09-16",Question,Coded,163747AAAAAAAAAAAAAAAAAAAAAAAAAAAAAA; Moderate risk; High risk; Severe risk,,
090e096b-372d-5219-9b72-dd1026358259,,ACT-RHD:q_skin_mucosa_signs_or_symptoms,Skin and Mucosal Symptoms,,"renamed and recoded from severity-scale (Absent/Mild/Moderate/Severe) to live ACT registry's named symptom checklist; fixed 2026-09-16",Question,Coded,"140039AAAAAAAAAAAAAAAAAAAAAAAAAAAAAA; 5f56cb3e-4101-5c63-b657-114f7db473ea; 879AAAAAAAAAAAAAAAAAAAAAAAAAAAAAAAAA; de3ba9b9-cf38-5286-8120-a3dcb425495b",,
9684b2da-a340-5a70-b8c5-114ba0b1ebcc,,ACT-RHD:q_injection_tolerance,Injection Tolerance,,"how the patient tolerated the injection; sole Anaphylaxis trigger, matching live ACT registry (Adverse Reaction no longer includes Anaphylaxis); fixed 2026-09-16",Question,Coded,"Tolerated without major issue; 148888AAAAAAAAAAAAAAAAAAAAAAAAAAAAAA; Leg numbness; Excessive pain; 5622AAAAAAAAAAAAAAAAAAAAAAAAAAAAAAAA",,
01ca2486-79e4-5988-86b2-953fb45bf927,,ACT-RHD:q_describe_anaphylaxis_events,Describe Anaphylaxis Events,,,Question,Text,,,
252beae5-5112-5d47-9f24-167847850018,true,ACT-RHD:q_time_between_injection_and_symptom_onset,Time Between Injection and Symptom Onset,,"replaced by Time Since Injection (Symptom Onset) (hh/mm, matching live ACT registry's reuse of the Injection Tolerance field as a time value); fixed 2026-09-16",Question,Text,,,
94df4862-8f47-5ea6-8b8c-86e47dbff692,,ACT-RHD:q_cardiovascular_compromise,Cardiovascular Compromise,,"matches live ACT registry anaphylaxis surveillance checklist; fixed 2026-09-16",Question,Coded,"b2f5fbde-85d1-50cc-9254-04a46d53c9a2; 125166AAAAAAAAAAAAAAAAAAAAAAAAAAAAAA",,
cadb3da5-ed36-51fb-98f5-0ae20cb38846,,ACT-RHD:q_respiratory_compromise,Respiratory Compromise,,"matches live ACT registry anaphylaxis surveillance checklist; fixed 2026-09-16",Question,Coded,"122496AAAAAAAAAAAAAAAAAAAAAAAAAAAAAA; 1ef5505d-edce-5984-9d8f-7e8e5aeda26b; 104cc643-90bc-58bd-9962-e81a03c63093; 06f0cce9-64f3-5ae8-873c-8926cd6d5057; 1107AAAAAAAAAAAAAAAAAAAAAAAAAAAAAAAA",,
9a17075d-9e41-5142-bc25-4ee7caa990c6,,ACT-RHD:q_severe_gi_symptoms,Severe GI Symptoms,,"matches live ACT registry anaphylaxis surveillance checklist; fixed 2026-09-16",Question,Coded,"151AAAAAAAAAAAAAAAAAAAAAAAAAAAAAAAAA; 142412AAAAAAAAAAAAAAAAAAAAAAAAAAAAAA; 122983AAAAAAAAAAAAAAAAAAAAAAAAAAAAAA",,
87986835-7aed-5489-80e9-cbe407bfce23,,ACT-RHD:q_time_since_injection_symptom_onset,Time Since Injection (Symptom Onset),,"matches live ACT registry's reuse of the Injection Tolerance label as an hh/mm free-text value in the surveillance block; Text datatype since the O3 form engine has no dedicated time rendering; fixed 2026-09-16",Question,Text,,,
